,result,table,_start,_stop,_time,_value,_field,_measurement,cellId,downlink,frequency,lat,latency,lon,networkProvider,signalStrengthLTE,uplink
,,0,2023-02-04T19:08:56.77240479Z,2023-03-06T19:08:56.77240479Z,2023-03-03T17:28:15Z,-92,signalStrength,2023-03-03,29127680,83.195703028462,1740,52.51230145,51.6532465999925,13.3203088167,Telekom.de,-81,37.7714904844593
,,1,2023-02-04T19:08:56.77240479Z,2023-03-06T19:08:56.77240479Z,2023-03-03T18:30:30Z,-102,signalStrength,2023-03-03,26362882,38.444460138538,1740,52.5225319833,152.136810849935,13.3310423667,Telekom.de,-87,20.2429142524054
,,2,2023-02-04T19:08:56.77240479Z,2023-03-06T19:08:56.77240479Z,2023-03-03T18:01:00Z,-100,signalStrength,2023-03-03,33802242,68.5989240001561,1740,52.51345455,62.7345377000198,13.3357478333,Telekom.de,-81,25.3004451421672
,,3,2023-02-04T19:08:56.77240479Z,2023-03-06T19:08:56.77240479Z,2023-03-03T18:14:00Z,-97,signalStrength,2023-03-03,33802240,75.3793828319998,1740,52.5156318667,153.758606950006,13.3388565667,Telekom.de,-85,28.7150009920387
,,4,2023-02-04T19:08:56.77240479Z,2023-03-06T19:08:56.77240479Z,2023-03-03T17:35:45Z,-104,signalStrength,2023-03-03,33802242,26.8005586664904,1740,52.5132411167,126.785368399975,13.33277725,Telekom.de,-81,31.9488854892879
,,5,2023-02-04T19:08:56.77240479Z,2023-03-06T19:08:56.77240479Z,2023-03-03T17:39:15Z,-108,signalStrength,2023-03-03,30829824,31.9191609456797,1740,52.5142377833,116.572040450019,13.3465541667,Telekom.de,-87,21.390375635563
,,6,2023-02-04T19:08:56.77240479Z,2023-03-06T19:08:56.77240479Z,2023-03-03T17:40:45Z,-111,signalStrength,2023-03-03,33802241,102.806464322455,1740,52.5162064167,60.3390145999806,13.3462888333,Telekom.de,-87,22.1361381995677
,,7,2023-02-04T19:08:56.77240479Z,2023-03-06T19:08:56.77240479Z,2023-03-03T18:05:30Z,-116,signalStrength,2023-03-03,33802241,13.6524352521134,1740,52.5140890667,134.818095199968,13.34331475,Telekom.de,-85,23.310022223309
,,8,2023-02-04T19:08:56.77240479Z,2023-03-06T19:08:56.77240479Z,2023-03-03T18:24:45Z,-94,signalStrength,2023-03-03,26357760,75.2354335840763,1740,52.5130479167,48.6035251498381,13.3295467333,Telekom.de,-93,26.4550249853028
,,9,2023-02-04T19:08:56.77240479Z,2023-03-06T19:08:56.77240479Z,2023-03-03T18:01:15Z,-93,signalStrength,2023-03-03,33802242,17.816307712836,1740,52.5136054833,60.3630611499945,13.3377130333,Telekom.de,-80,42.2386471589826
,,10,2023-02-04T19:08:56.77240479Z,2023-03-06T19:08:56.77240479Z,2023-03-03T18:10:45Z,-83,signalStrength,2023-03-03,26349825,99.1001670149187,1740,52.5224558,50.3388018499529,13.3289819167,Telekom.de,-88,39.6432086248542
,,11,2023-02-04T19:08:56.77240479Z,2023-03-06T19:08:56.77240479Z,2023-03-03T17:51:45Z,-105,signalStrength,2023-03-03,33802242,67.7560722856403,1740,52.51344685,103.599994300035,13.3339920667,Telekom.de,-74,48.367599385317
,,12,2023-02-04T19:08:56.77240479Z,2023-03-06T19:08:56.77240479Z,2023-03-03T17:47:45Z,-101,signalStrength,2023-03-03,34006272,72.496969889449,1740,52.5149885,54.0109294000263,13.35699775,Telekom.de,-71,34.9956216890216
,,13,2023-02-04T19:08:56.77240479Z,2023-03-06T19:08:56.77240479Z,2023-03-03T17:28:30Z,-92,signalStrength,2023-03-03,29127680,99.1098078468807,1740,52.5123321333,102.962894300008,13.3199970667,Telekom.de,-81,32.5203184083562
,,14,2023-02-04T19:08:56.77240479Z,2023-03-06T19:08:56.77240479Z,2023-03-03T18:20:00Z,-97,signalStrength,2023-03-03,29127681,60.6114085526856,1740,52.5124723333,151.046189349984,13.3231013667,Telekom.de,-81,28.9435607071276
,,15,2023-02-04T19:08:56.77240479Z,2023-03-06T19:08:56.77240479Z,2023-03-03T17:46:00Z,-92,signalStrength,2023-03-03,34006272,76.9469014594829,1740,52.5149452333,310.978062300002,13.3576416833,Telekom.de,-68,20.2020200081624
,,16,2023-02-04T19:08:56.77240479Z,2023-03-06T19:08:56.77240479Z,2023-03-03T17:33:15Z,-95,signalStrength,2023-03-03,29127680,92.392611351786,1740,52.5123615,53.6511005500316,13.3197017833,Telekom.de,-86,31.8217987163689
,,17,2023-02-04T19:08:56.77240479Z,2023-03-06T19:08:56.77240479Z,2023-03-03T18:09:00Z,-112,signalStrength,2023-03-03,26362882,27.6587505153816,1740,52.5213107833,63.7976806499504,13.3340291,Telekom.de,-86,15.8227840840811
,,18,2023-02-04T19:08:56.77240479Z,2023-03-06T19:08:56.77240479Z,2023-03-03T17:53:45Z,-105,signalStrength,2023-03-03,26357761,85.1064548665154,1740,52.5103996167,86.7327641500954,13.3299642667,Telekom.de,-75,28.2685519959046
,,19,2023-02-04T19:08:56.77240479Z,2023-03-06T19:08:56.77240479Z,2023-03-03T18:05:15Z,-116,signalStrength,2023-03-03,30829824,23.0734939386259,1740,52.5142805333,61.4897127000685,13.3462414667,Telekom.de,-86,23.2558135613845
,,20,2023-02-04T19:08:56.77240479Z,2023-03-06T19:08:56.77240479Z,2023-03-03T18:06:30Z,-87,signalStrength,2023-03-03,33802242,89.9125458205383,1740,52.5139412333,108.875388350024,13.3359383667,Telekom.de,-86,29.6515942787151
,,21,2023-02-04T19:08:56.77240479Z,2023-03-06T19:08:56.77240479Z,2023-03-03T18:23:45Z,-93,signalStrength,2023-03-03,29127681,78.2236985989363,1740,52.5124282,54.828358249991,13.3230111667,Telekom.de,-84,55.1724029108226
,,22,2023-02-04T19:08:56.77240479Z,2023-03-06T19:08:56.77240479Z,2023-03-03T18:10:30Z,-84,signalStrength,2023-03-03,26349825,83.7166893202579,1740,52.5224658333,156.696099800023,13.3289734333,Telekom.de,-88,51.0203978810933
,,23,2023-02-04T19:08:56.77240479Z,2023-03-06T19:08:56.77240479Z,2023-03-03T18:00:00Z,-96,signalStrength,2023-03-03,26357760,80.1425956366973,1740,52.51271065,154.687587249975,13.3304851167,Telekom.de,-84,37.0027721274288
,,24,2023-02-04T19:08:56.77240479Z,2023-03-06T19:08:56.77240479Z,2023-03-03T17:30:15Z,-93,signalStrength,2023-03-03,29127680,81.7051759093243,1740,52.5123792333,153.217733099992,13.3199041,Telekom.de,-81,44.8933766143793
,,25,2023-02-04T19:08:56.77240479Z,2023-03-06T19:08:56.77240479Z,2023-03-03T18:04:45Z,-103,signalStrength,2023-03-03,26719234,88.0413508038027,1740,52.5150402667,158.982494099982,13.3496149667,Telekom.de,-87,23.7670813478888
,,26,2023-02-04T19:08:56.77240479Z,2023-03-06T19:08:56.77240479Z,2023-03-03T17:42:00Z,-95,signalStrength,2023-03-03,26355712,93.39374183763,1740,52.51949405,268.261694649986,13.3384830333,Telekom.de,-101,30.3951371245646
,,27,2023-02-04T19:08:56.77240479Z,2023-03-06T19:08:56.77240479Z,2023-03-03T18:11:15Z,-114,signalStrength,2023-03-03,26362882,92.517551435327,1740,52.5217452,268.390760049966,13.3325747,Telekom.de,-90,22.9226344742655
,,28,2023-02-04T19:08:56.77240479Z,2023-03-06T19:08:56.77240479Z,2023-03-03T17:52:00Z,-104,signalStrength,2023-03-03,26367489,12.0076756797335,1740,52.5132648833,83.5288181500676,13.3312435333,Telekom.de,-87,22.5861107159357
,,29,2023-02-04T19:08:56.77240479Z,2023-03-06T19:08:56.77240479Z,2023-03-03T17:52:45Z,-95,signalStrength,2023-03-03,26367489,87.4626517531076,1740,52.5131889833,48.6510128000387,13.3304229,Telekom.de,-81,30.4878040414932
,,30,2023-02-04T19:08:56.77240479Z,2023-03-06T19:08:56.77240479Z,2023-03-03T17:34:30Z,-100,signalStrength,2023-03-03,29127681,95.8434137142607,1740,52.5127887667,170.236623749974,13.3249932167,Telekom.de,-81,33.8983031600116
,,31,2023-02-04T19:08:56.77240479Z,2023-03-06T19:08:56.77240479Z,2023-03-03T17:40:00Z,-108,signalStrength,2023-03-03,30829312,75.5716276171376,1740,52.5147322,102.653006200046,13.3510063333,Telekom.de,-59,22.3838813616593
,,32,2023-02-04T19:08:56.77240479Z,2023-03-06T19:08:56.77240479Z,2023-03-03T18:27:30Z,-109,signalStrength,2023-03-03,30829824,23.1876090977391,1740,52.5143121,125.889928750089,13.3488452667,Telekom.de,-73,25.8231073005312
,,33,2023-02-04T19:08:56.77240479Z,2023-03-06T19:08:56.77240479Z,2023-03-03T18:22:15Z,-107,signalStrength,2023-03-03,26357762,32.9539473619389,1740,52.5087163333,126.316970999972,13.32702575,Telekom.de,-90,21.9659515790065
,,34,2023-02-04T19:08:56.77240479Z,2023-03-06T19:08:56.77240479Z,2023-03-03T18:11:30Z,-112,signalStrength,2023-03-03,26362882,60.1039867790225,1740,52.52137385,49.1409512000208,13.33348435,Telekom.de,-78,25.4452921838277
,,35,2023-02-04T19:08:56.77240479Z,2023-03-06T19:08:56.77240479Z,2023-03-03T18:31:00Z,-98,signalStrength,2023-03-03,26349825,19.8876286336129,1740,52.5233156167,51.2291060499769,13.3298788667,Telekom.de,-81,27.1923869452515
,,36,2023-02-04T19:08:56.77240479Z,2023-03-06T19:08:56.77240479Z,2023-03-03T17:52:15Z,-94,signalStrength,2023-03-03,26367489,51.7369536873804,1740,52.5132500333,60.2729887999816,13.3307958167,Telekom.de,-81,34.1296878822125
,,37,2023-02-04T19:08:56.77240479Z,2023-03-06T19:08:56.77240479Z,2023-03-03T17:28:30Z,-92,signalStrength,2023-03-03,29127680,91.2025541968472,1740,52.5123373833,157.888921649995,13.31999885,Telekom.de,-81,29.5420954816301
,,38,2023-02-04T19:08:56.77240479Z,2023-03-06T19:08:56.77240479Z,2023-03-03T17:52:30Z,-94,signalStrength,2023-03-03,26367489,94.5293358843924,1740,52.5132446167,48.4044431500122,13.3308005,Telekom.de,-81,53.7634438952482
,,39,2023-02-04T19:08:56.77240479Z,2023-03-06T19:08:56.77240479Z,2023-03-03T18:12:15Z,-103,signalStrength,2023-03-03,26362882,23.5434408302311,1740,52.5209740167,191.861925949986,13.3345410667,Telekom.de,-78,32.4411992719806
,,40,2023-02-04T19:08:56.77240479Z,2023-03-06T19:08:56.77240479Z,2023-03-03T17:48:30Z,-103,signalStrength,2023-03-03,30829312,90.8458580624777,1740,52.5148005667,221.462931099973,13.3511587667,Telekom.de,-70,27.0087788193554
,,41,2023-02-04T19:08:56.77240479Z,2023-03-06T19:08:56.77240479Z,2023-03-03T18:27:15Z,-32768,signalStrength,2023-03-03,30829824,15.8547502067098,1740,52.51427105,122.976069050054,13.3478105,Telekom.de,-82,20.3148796080229
,,42,2023-02-04T19:08:56.77240479Z,2023-03-06T19:08:56.77240479Z,2023-03-03T17:29:15Z,-98,signalStrength,2023-03-03,29127680,88.5267903158912,1740,52.51239415,104.508309400014,13.3198888167,Telekom.de,-81,31.9488794159379
,,43,2023-02-04T19:08:56.77240479Z,2023-03-06T19:08:56.77240479Z,2023-03-03T18:16:00Z,-90,signalStrength,2023-03-03,26367489,86.3587765137095,1740,52.5137604333,45.6287420000517,13.3299129,Telekom.de,-88,70.4225255405687
,,44,2023-02-04T19:08:56.77240479Z,2023-03-06T19:08:56.77240479Z,2023-03-03T18:03:00Z,-105,signalStrength,2023-03-03,30829824,47.1205642743233,1740,52.51433835,53.1241156499709,13.3481474333,Telekom.de,-81,26.8096539003373
,,45,2023-02-04T19:08:56.77240479Z,2023-03-06T19:08:56.77240479Z,2023-03-03T17:29:30Z,-98,signalStrength,2023-03-03,29127680,28.0607307873673,1740,52.5123854667,153.913763699997,13.31989555,Telekom.de,-81,34.6620437390555
,,46,2023-02-04T19:08:56.77240479Z,2023-03-06T19:08:56.77240479Z,2023-03-03T17:34:15Z,-92,signalStrength,2023-03-03,29127681,82.413339658841,1740,52.5123553,153.746932999983,13.3228356167,Telekom.de,-81,45.1467310406681
,,47,2023-02-04T19:08:56.77240479Z,2023-03-06T19:08:56.77240479Z,2023-03-03T17:36:00Z,-110,signalStrength,2023-03-03,33802242,28.3044147304974,1740,52.51327965,129.224164250012,13.33306595,Telekom.de,-78,20.8008335584595
,,48,2023-02-04T19:08:56.77240479Z,2023-03-06T19:08:56.77240479Z,2023-03-03T17:35:30Z,-98,signalStrength,2023-03-03,26367489,106.829188902933,1740,52.5131602167,66.1561590999714,13.3314901833,Telekom.de,-86,28.591852773425
,,49,2023-02-04T19:08:56.77240479Z,2023-03-06T19:08:56.77240479Z,2023-03-03T17:51:30Z,-93,signalStrength,2023-03-03,33802242,75.3374106002415,1740,52.5135616,55.0209334501107,13.335847,Telekom.de,-75,21.0970474371985
,,50,2023-02-04T19:08:56.77240479Z,2023-03-06T19:08:56.77240479Z,2023-03-03T18:09:30Z,-92,signalStrength,2023-03-03,26363904,92.0638880113251,1740,52.52262805,199.990625849983,13.3291662833,Telekom.de,-87,22.0143103672313
,,51,2023-02-04T19:08:56.77240479Z,2023-03-06T19:08:56.77240479Z,2023-03-03T17:31:15Z,-92,signalStrength,2023-03-03,29127680,87.9592448930896,1740,52.5123815667,165.915030249995,13.3199070667,Telekom.de,-81,25.8732171660294
,,52,2023-02-04T19:08:56.77240479Z,2023-03-06T19:08:56.77240479Z,2023-03-03T18:00:15Z,-94,signalStrength,2023-03-03,26367489,74.9610640520631,1740,52.5131289333,55.1560518999596,13.3312240833,Telekom.de,-86,29.9401151887848
,,53,2023-02-04T19:08:56.77240479Z,2023-03-06T19:08:56.77240479Z,2023-03-03T17:41:30Z,-102,signalStrength,2023-03-03,26364929,91.7212605749901,1740,52.5178574833,104.57887004996,13.3424224333,Telekom.de,-77,26.8276335949973
,,54,2023-02-04T19:08:56.77240479Z,2023-03-06T19:08:56.77240479Z,2023-03-03T18:20:30Z,-103,signalStrength,2023-03-03,26357760,33.1784644453299,1740,52.5129761,126.851452250039,13.3285098333,Telekom.de,-84,21.1976699864553
,,55,2023-02-04T19:08:56.77240479Z,2023-03-06T19:08:56.77240479Z,2023-03-03T18:14:45Z,-92,signalStrength,2023-03-03,33802242,27.658697079785,1740,52.5137561333,101.822915399905,13.3379129,Telekom.de,-84,41.536871687539
,,56,2023-02-04T19:08:56.77240479Z,2023-03-06T19:08:56.77240479Z,2023-03-03T17:38:00Z,-97,signalStrength,2023-03-03,33802242,81.4347733758391,1740,52.5133958333,53.899503399956,13.3346457667,Telekom.de,-73,35.4924624191722
,,57,2023-02-04T19:08:56.77240479Z,2023-03-06T19:08:56.77240479Z,2023-03-03T18:01:45Z,-108,signalStrength,2023-03-03,33802241,70.8765094867355,1740,52.5139902667,135.220132749987,13.3429839,Telekom.de,-79,24.2865805724305
,,58,2023-02-04T19:08:56.77240479Z,2023-03-06T19:08:56.77240479Z,2023-03-03T18:09:00Z,-113,signalStrength,2023-03-03,26362882,51.4187040029839,1740,52.5218390167,61.1341280000211,13.3326425333,Telekom.de,-86,27.6433996224106
,,59,2023-02-04T19:08:56.77240479Z,2023-03-06T19:08:56.77240479Z,2023-03-03T17:58:45Z,-32768,signalStrength,2023-03-03,34888448,18.96527870722,-1,52.5081279167,133.176284250017,13.3345497,Telekom.de,-80,18.148822319426
,,60,2023-02-04T19:08:56.77240479Z,2023-03-06T19:08:56.77240479Z,2023-03-03T17:30:00Z,-98,signalStrength,2023-03-03,29127680,99.7980232715965,1740,52.5123797833,99.7458455000029,13.3199020833,Telekom.de,-81,28.6327878996258
,,61,2023-02-04T19:08:56.77240479Z,2023-03-06T19:08:56.77240479Z,2023-03-03T18:17:30Z,-84,signalStrength,2023-03-03,29127680,87.4970903662812,1740,52.5149161,152.609088450079,13.3227158667,Telekom.de,-82,28.4090910705062
,,62,2023-02-04T19:08:56.77240479Z,2023-03-06T19:08:56.77240479Z,2023-03-03T17:40:30Z,-106,signalStrength,2023-03-03,26719234,85.9055063397621,1740,52.5153846667,190.22967735,13.34812125,Telekom.de,-92,15.582390980545
,,63,2023-02-04T19:08:56.77240479Z,2023-03-06T19:08:56.77240479Z,2023-03-03T18:25:15Z,-108,signalStrength,2023-03-03,33802242,33.0846061591195,1740,52.51333925,128.544713549994,13.3340433,Telekom.de,-79,13.722127108556
,,64,2023-02-04T19:08:56.77240479Z,2023-03-06T19:08:56.77240479Z,2023-03-03T17:31:30Z,-92,signalStrength,2023-03-03,29127680,27.4409380714858,1740,52.5123839333,54.7039856000041,13.3199056333,Telekom.de,-81,61.3496979562652
,,65,2023-02-04T19:08:56.77240479Z,2023-03-06T19:08:56.77240479Z,2023-03-03T18:18:45Z,-102,signalStrength,2023-03-03,29127680,22.386748205592,1740,52.51241035,65.1592552499649,13.3185714167,Telekom.de,-88,45.6100417485246
,,66,2023-02-04T19:08:56.77240479Z,2023-03-06T19:08:56.77240479Z,2023-03-03T18:19:00Z,-97,signalStrength,2023-03-03,29127682,87.6622195674185,1740,52.5123296,105.708330150008,13.31730735,Telekom.de,-87,26.1951547542618
,,67,2023-02-04T19:08:56.77240479Z,2023-03-06T19:08:56.77240479Z,2023-03-03T18:28:15Z,-90,signalStrength,2023-03-03,30829312,37.0797124557462,1740,52.51503135,99.4919798498789,13.3507601667,Telekom.de,-81,36.003606095984
,,68,2023-02-04T19:08:56.77240479Z,2023-03-06T19:08:56.77240479Z,2023-03-03T18:01:30Z,-102,signalStrength,2023-03-03,33802241,17.3023256037687,1740,52.5137628833,143.007233250023,13.3403555167,Telekom.de,-85,21.6333155746708
,,69,2023-02-04T19:08:56.77240479Z,2023-03-06T19:08:56.77240479Z,2023-03-03T18:02:15Z,-32768,signalStrength,2023-03-03,30829824,65.8446172516062,1740,52.5143483,160.652107899949,13.3481579833,Telekom.de,-76,23.2153246591389
,,70,2023-02-04T19:08:56.77240479Z,2023-03-06T19:08:56.77240479Z,2023-03-03T17:55:30Z,-104,signalStrength,2023-03-03,26357762,61.1187980562917,1740,52.5091398667,218.279546649962,13.3261252833,Telekom.de,-84,23.6127541332773
,,71,2023-02-04T19:08:56.77240479Z,2023-03-06T19:08:56.77240479Z,2023-03-03T17:36:15Z,-103,signalStrength,2023-03-03,33802242,53.5491193628454,1740,52.5132767833,149.37041635001,13.3330661833,Telekom.de,-78,26.5780710764783
,,72,2023-02-04T19:08:56.77240479Z,2023-03-06T19:08:56.77240479Z,2023-03-03T17:36:30Z,-105,signalStrength,2023-03-03,33802242,41.5892984846016,1740,52.5132999833,193.093269100024,13.3333627167,Telekom.de,-76,10.1703538102526
,,73,2023-02-04T19:08:56.77240479Z,2023-03-06T19:08:56.77240479Z,2023-03-03T18:10:15Z,-74,signalStrength,2023-03-03,28564480,97.0842304724757,1740,52.5222122833,203.922266750006,13.32832545,Telekom.de,-88,36.5630679224224
,,74,2023-02-04T19:08:56.77240479Z,2023-03-06T19:08:56.77240479Z,2023-03-03T17:58:30Z,-32768,signalStrength,2023-03-03,34888449,16.8720524316129,-1,52.5068972,82.318872949958,13.3335429,Telekom.de,-64,18.6480208823037
,,75,2023-02-04T19:08:56.77240479Z,2023-03-06T19:08:56.77240479Z,2023-03-03T18:31:45Z,-94,signalStrength,2023-03-03,26349825,34.6825056051306,1740,52.5244226167,154.413662299951,13.3337227,Telekom.de,-91,45.4029490273282
,,76,2023-02-04T19:08:56.77240479Z,2023-03-06T19:08:56.77240479Z,2023-03-03T17:48:45Z,-96,signalStrength,2023-03-03,30829312,86.1503850554988,1740,52.5149738,51.8448671499669,13.3507052833,Telekom.de,-81,27.3597831241428
,,77,2023-02-04T19:08:56.77240479Z,2023-03-06T19:08:56.77240479Z,2023-03-03T17:37:15Z,-109,signalStrength,2023-03-03,33802242,16.7456175506896,1740,52.51333615,97.3783599500193,13.3338491333,Telekom.de,-71,27.9524808998706
,,78,2023-02-04T19:08:56.77240479Z,2023-03-06T19:08:56.77240479Z,2023-03-03T18:15:15Z,-73,signalStrength,2023-03-03,33802242,51.4577185652817,1740,52.5140617,107.547603549998,13.33596465,Telekom.de,-80,34.393805950011
,,79,2023-02-04T19:08:56.77240479Z,2023-03-06T19:08:56.77240479Z,2023-03-03T18:02:00Z,-106,signalStrength,2023-03-03,33802241,49.1231002824523,1740,52.5142573,224.567706100061,13.3467805,Telekom.de,-92,25.2525234829355
,,80,2023-02-04T19:08:56.77240479Z,2023-03-06T19:08:56.77240479Z,2023-03-03T18:21:45Z,-102,signalStrength,2023-03-03,26357761,48.9813967112305,1740,52.5085735333,243.590094699987,13.3285622,Telekom.de,-81,29.3901581205422
,,81,2023-02-04T19:08:56.77240479Z,2023-03-06T19:08:56.77240479Z,2023-03-03T18:19:45Z,-97,signalStrength,2023-03-03,29127682,97.0040599230385,1740,52.51240575,109.23247044999,13.3196589667,Telekom.de,-92,34.5423216730666
,,82,2023-02-04T19:08:56.77240479Z,2023-03-06T19:08:56.77240479Z,2023-03-03T18:13:00Z,-96,signalStrength,2023-03-03,26364929,91.5756385550938,1740,52.5182333,53.7439964499304,13.3411352,Telekom.de,-87,24.6761250718801
,,83,2023-02-04T19:08:56.77240479Z,2023-03-06T19:08:56.77240479Z,2023-03-03T18:22:00Z,-107,signalStrength,2023-03-03,26368512,46.5149945108306,1740,52.5082330667,104.158081149974,13.3281664833,Telekom.de,-74,24.5398791674509
,,84,2023-02-04T19:08:56.77240479Z,2023-03-06T19:08:56.77240479Z,2023-03-03T17:55:15Z,-106,signalStrength,2023-03-03,26357762,14.4930629975708,1740,52.5086805167,142.205494649958,13.3271465167,Telekom.de,-84,20.5128200078896
,,85,2023-02-04T19:08:56.77240479Z,2023-03-06T19:08:56.77240479Z,2023-03-03T17:44:15Z,-109,signalStrength,2023-03-03,26719234,13.4574803298771,1740,52.5155046333,197.857819900018,13.3476784667,Telekom.de,-91,17.0140360663562
,,86,2023-02-04T19:08:56.77240479Z,2023-03-06T19:08:56.77240479Z,2023-03-03T17:35:15Z,-103,signalStrength,2023-03-03,26367489,87.4973098951783,1740,52.5131597,102.811283049958,13.3314689167,Telekom.de,-86,36.1010817292028
,,87,2023-02-04T19:08:56.77240479Z,2023-03-06T19:08:56.77240479Z,2023-03-03T18:31:15Z,-98,signalStrength,2023-03-03,26349825,18.6483280798569,1740,52.5236935,102.432957500019,13.3299686667,Telekom.de,-87,21.9901072697609
,,88,2023-02-04T19:08:56.77240479Z,2023-03-06T19:08:56.77240479Z,2023-03-03T17:56:30Z,-114,signalStrength,2023-03-03,26357762,57.1195396411982,1740,52.5092442333,198.268064150066,13.3257273,Telekom.de,-81,15.993603019408
,,89,2023-02-04T19:08:56.77240479Z,2023-03-06T19:08:56.77240479Z,2023-03-03T17:37:00Z,-114,signalStrength,2023-03-03,33802242,44.760538894062,1740,52.513326,147.134446300015,13.3337678833,Telekom.de,-71,31.274432075
,,90,2023-02-04T19:08:56.77240479Z,2023-03-06T19:08:56.77240479Z,2023-03-03T18:03:15Z,-104,signalStrength,2023-03-03,30829824,89.0712511912722,1740,52.5143385833,49.5180846499647,13.3481474,Telekom.de,-81,24.7678017042241
,,91,2023-02-04T19:08:56.77240479Z,2023-03-06T19:08:56.77240479Z,2023-03-03T17:31:00Z,-92,signalStrength,2023-03-03,29127680,103.83487853649,1740,52.5123798667,110.39666509998,13.3199087667,Telekom.de,-81,35.9712156785378
,,92,2023-02-04T19:08:56.77240479Z,2023-03-06T19:08:56.77240479Z,2023-03-03T18:26:45Z,-116,signalStrength,2023-03-03,33802241,62.5548350797797,1740,52.5140890833,116.234715900013,13.34474485,Telekom.de,-80,21.5633420971949
,,93,2023-02-04T19:08:56.77240479Z,2023-03-06T19:08:56.77240479Z,2023-03-03T17:45:00Z,-104,signalStrength,2023-03-03,30829824,63.7208712840781,1740,52.51408355,52.4402917000021,13.34945025,Telekom.de,-74,32.0769791814719
,,94,2023-02-04T19:08:56.77240479Z,2023-03-06T19:08:56.77240479Z,2023-03-03T17:53:15Z,-94,signalStrength,2023-03-03,26367489,98.0290314790696,1740,52.5123886167,154.103199500042,13.3307117833,Telekom.de,-86,31.2500007080078
,,95,2023-02-04T19:08:56.77240479Z,2023-03-06T19:08:56.77240479Z,2023-03-03T18:15:30Z,-103,signalStrength,2023-03-03,33802242,63.2328590550915,1740,52.51344715,207.664134850026,13.3326783667,Telekom.de,-80,19.4269061236505
,,96,2023-02-04T19:08:56.77240479Z,2023-03-06T19:08:56.77240479Z,2023-03-03T18:18:15Z,-90,signalStrength,2023-03-03,29127680,92.1765603022254,1740,52.5131942667,110.494108599941,13.321835,Telekom.de,-87,36.1990944001966
,,97,2023-02-04T19:08:56.77240479Z,2023-03-06T19:08:56.77240479Z,2023-03-03T18:15:45Z,-92,signalStrength,2023-03-03,26367489,77.8961138322411,1740,52.5132481667,102.791470300025,13.3304223167,Telekom.de,-83,29.3901529810438
,,98,2023-02-04T19:08:56.77240479Z,2023-03-06T19:08:56.77240479Z,2023-03-03T17:46:45Z,-102,signalStrength,2023-03-03,34006528,79.0790496579337,1740,52.5156489667,53.7342818499978,13.3683570333,Telekom.de,-69,32.4149116995763
,,99,2023-02-04T19:08:56.77240479Z,2023-03-06T19:08:56.77240479Z,2023-03-03T18:00:45Z,-89,signalStrength,2023-03-03,33802242,71.7063730578713,1740,52.51334515,208.65928250007,13.3347055,Telekom.de,-75,34.7826058223065
,,100,2023-02-04T19:08:56.77240479Z,2023-03-06T19:08:56.77240479Z,2023-03-03T17:47:15Z,-105,signalStrength,2023-03-03,34006529,23.8540840051831,1740,52.5155121333,50.2910540999807,13.3649249667,Telekom.de,-63,25.2365924548956
,,101,2023-02-04T19:08:56.77240479Z,2023-03-06T19:08:56.77240479Z,2023-03-03T17:44:45Z,-103,signalStrength,2023-03-03,26719234,91.6826617002457,1740,52.5152020333,99.5918334499743,13.3483964,Telekom.de,-91,25.6081940320775
,,102,2023-02-04T19:08:56.77240479Z,2023-03-06T19:08:56.77240479Z,2023-03-03T18:30:15Z,-109,signalStrength,2023-03-03,26362882,34.5101535540909,1740,52.5215696833,220.715006000081,13.33347305,Telekom.de,-99,31.6455651888726
,,103,2023-02-04T19:08:56.77240479Z,2023-03-06T19:08:56.77240479Z,2023-03-03T17:30:30Z,-93,signalStrength,2023-03-03,29127680,103.878730245934,1740,52.51237955,102.192177900032,13.31990655,Telekom.de,-81,37.3134318960236
,,104,2023-02-04T19:08:56.77240479Z,2023-03-06T19:08:56.77240479Z,2023-03-03T18:02:45Z,-105,signalStrength,2023-03-03,30829824,90.7720319487287,1740,52.51433825,158.021463850025,13.3481473,Telekom.de,-76,28.2485850170771
,,105,2023-02-04T19:08:56.77240479Z,2023-03-06T19:08:56.77240479Z,2023-03-03T18:20:15Z,-100,signalStrength,2023-03-03,29127681,70.7564239381311,1740,52.51276895,107.521239450109,13.3250363167,Telekom.de,-83,24.1691847135386
,,106,2023-02-04T19:08:56.77240479Z,2023-03-06T19:08:56.77240479Z,2023-03-03T18:04:30Z,-104,signalStrength,2023-03-03,30829312,99.7318109378332,1740,52.5150775833,170.663477250056,13.3497767333,Telekom.de,-87,26.7201072552587
,,107,2023-02-04T19:08:56.77240479Z,2023-03-06T19:08:56.77240479Z,2023-03-03T18:30:45Z,-89,signalStrength,2023-03-03,26360320,111.049101293072,1740,52.52314835,109.98432890002,13.3298502,Telekom.de,-87,31.2500007080078
,,108,2023-02-04T19:08:56.77240479Z,2023-03-06T19:08:56.77240479Z,2023-03-03T17:54:00Z,-105,signalStrength,2023-03-03,26357761,18.8542134419087,1740,52.5091696667,118.449551799958,13.32900825,Telekom.de,-75,19.7530854930651
,,109,2023-02-04T19:08:56.77240479Z,2023-03-06T19:08:56.77240479Z,2023-03-03T18:23:15Z,-104,signalStrength,2023-03-03,29127681,28.7434998084157,1740,52.51170545,311.736807549987,13.3226298167,Telekom.de,-73,27.2108794113573
,,110,2023-02-04T19:08:56.77240479Z,2023-03-06T19:08:56.77240479Z,2023-03-03T18:28:00Z,-99,signalStrength,2023-03-03,30829312,73.5627827639276,1740,52.5149877,63.2021552499017,13.35085195,Telekom.de,-71,8.96057302506073
,,111,2023-02-04T19:08:56.77240479Z,2023-03-06T19:08:56.77240479Z,2023-03-03T17:35:00Z,-96,signalStrength,2023-03-03,26367489,87.6654701089828,1740,52.51308245,119.113563349996,13.3298795333,Telekom.de,-92,24.479803217731
,,112,2023-02-04T19:08:56.77240479Z,2023-03-06T19:08:56.77240479Z,2023-03-03T18:22:30Z,-107,signalStrength,2023-03-03,26357762,26.0786812799432,1740,52.5089655167,175.993053300026,13.3265043667,Telekom.de,-90,29.455080133871
,,113,2023-02-04T19:08:56.77240479Z,2023-03-06T19:08:56.77240479Z,2023-03-03T17:53:00Z,-94,signalStrength,2023-03-03,26367489,75.7824423020069,1740,52.5131754,102.009091900021,13.3303861333,Telekom.de,-86,28.6327878996258
,,114,2023-02-04T19:08:56.77240479Z,2023-03-06T19:08:56.77240479Z,2023-03-03T18:31:30Z,-100,signalStrength,2023-03-03,26349825,17.2660543625971,1740,52.52408215,60.5574274501196,13.3317525333,Telekom.de,-92,23.1481459512176
,,115,2023-02-04T19:08:56.77240479Z,2023-03-06T19:08:56.77240479Z,2023-03-03T18:19:30Z,-93,signalStrength,2023-03-03,29127682,101.845082808047,1740,52.5122282333,60.0500637500292,13.3172065167,Telekom.de,-82,31.6957249454371
,,116,2023-02-04T19:08:56.77240479Z,2023-03-06T19:08:56.77240479Z,2023-03-03T17:42:45Z,-96,signalStrength,2023-03-03,26364929,70.0240660986079,1740,52.5190684167,170.642096799985,13.3393227,Telekom.de,-95,29.5202947890143
,,117,2023-02-04T19:08:56.77240479Z,2023-03-06T19:08:56.77240479Z,2023-03-03T17:59:30Z,-104,signalStrength,2023-03-03,26357761,7.58416693740379,1740,52.5101337667,98.64398755003,13.32980815,Telekom.de,-81,20.4813100802814
,,118,2023-02-04T19:08:56.77240479Z,2023-03-06T19:08:56.77240479Z,2023-03-03T17:47:30Z,-114,signalStrength,2023-03-03,34006529,68.0377628702373,1740,52.5153324667,64.1196125999936,13.3622782833,Telekom.de,-80,25.3485451896405
,,119,2023-02-04T19:08:56.77240479Z,2023-03-06T19:08:56.77240479Z,2023-03-03T18:24:00Z,-85,signalStrength,2023-03-03,29127681,77.9524666788526,1740,52.512553,53.8089871998863,13.3231914667,Telekom.de,-84,15.5763235144263
,,120,2023-02-04T19:08:56.77240479Z,2023-03-06T19:08:56.77240479Z,2023-03-03T18:22:45Z,-112,signalStrength,2023-03-03,29127681,72.4764914165034,1740,52.5102120833,195.36352790003,13.32461245,Telekom.de,-84,34.393805950011
,,121,2023-02-04T19:08:56.77240479Z,2023-03-06T19:08:56.77240479Z,2023-03-03T17:41:45Z,-102,signalStrength,2023-03-03,26364929,70.6552146504291,1740,52.5184704833,60.6877992500431,13.34096055,Telekom.de,-70,34.158838482805
,,122,2023-02-04T19:08:56.77240479Z,2023-03-06T19:08:56.77240479Z,2023-03-03T17:32:00Z,-92,signalStrength,2023-03-03,29127680,100.132416609729,1740,52.5123781833,205.160499249977,13.3199047167,Telekom.de,-81,30.3030318411387
,,123,2023-02-04T19:08:56.77240479Z,2023-03-06T19:08:56.77240479Z,2023-03-03T17:54:30Z,-105,signalStrength,2023-03-03,26368512,47.1830408222286,1740,52.5083597333,96.102528399982,13.3283719667,Telekom.de,-73,20.0400796482745
,,124,2023-02-04T19:08:56.77240479Z,2023-03-06T19:08:56.77240479Z,2023-03-03T18:17:45Z,-84,signalStrength,2023-03-03,29127680,101.452786657986,1740,52.5141098,105.784165299975,13.3223632167,Telekom.de,-82,47.9041894366956
,,125,2023-02-04T19:08:56.77240479Z,2023-03-06T19:08:56.77240479Z,2023-03-03T17:39:00Z,-101,signalStrength,2023-03-03,33802241,100.30244899562,1740,52.5138496833,51.932874699998,13.3415980167,Telekom.de,-82,29.0909090909091
,,126,2023-02-04T19:08:56.77240479Z,2023-03-06T19:08:56.77240479Z,2023-03-03T17:49:30Z,-107,signalStrength,2023-03-03,30829312,77.9217968470642,1740,52.5149229167,180.686185549991,13.3492929333,Telekom.de,-86,17.1453068765503
,,127,2023-02-04T19:08:56.77240479Z,2023-03-06T19:08:56.77240479Z,2023-03-03T18:05:00Z,-103,signalStrength,2023-03-03,30829824,105.149588591153,1740,52.5145219167,204.746532000081,13.3487571167,Telekom.de,-83,33.195022840516
,,128,2023-02-04T19:08:56.77240479Z,2023-03-06T19:08:56.77240479Z,2023-03-03T17:31:45Z,-92,signalStrength,2023-03-03,29127680,14.3754283459859,1740,52.5123852333,99.1780647000336,13.3199060333,Telekom.de,-81,42.9645545196427
,,129,2023-02-04T19:08:56.77240479Z,2023-03-06T19:08:56.77240479Z,2023-03-03T18:11:00Z,-90,signalStrength,2023-03-03,26349825,91.9976529282695,1740,52.5225835,160.318813000033,13.3304216667,Telekom.de,-96,44.1501152970879
,,130,2023-02-04T19:08:56.77240479Z,2023-03-06T19:08:56.77240479Z,2023-03-03T18:24:15Z,-88,signalStrength,2023-03-03,29127681,72.730755075802,1740,52.5128328,110.868781549998,13.3262075333,Telekom.de,-84,18.8679234247064
,,131,2023-02-04T19:08:56.77240479Z,2023-03-06T19:08:56.77240479Z,2023-03-03T17:45:15Z,-102,signalStrength,2023-03-03,30829312,43.7999463860161,1740,52.51420905,159.62609419998,13.35107035,Telekom.de,-72,39.920165457509
,,132,2023-02-04T19:08:56.77240479Z,2023-03-06T19:08:56.77240479Z,2023-03-03T18:23:30Z,-99,signalStrength,2023-03-03,29127681,81.9844412715503,1740,52.5117721,52.7534704499423,13.32264175,Telekom.de,-82,27.0452991966413
,,133,2023-02-04T19:08:56.77240479Z,2023-03-06T19:08:56.77240479Z,2023-03-03T17:28:45Z,-98,signalStrength,2023-03-03,29127680,24.023659528117,1740,52.5123930667,56.4751991999974,13.31990705,Telekom.de,-81,30.3260044109507
,,134,2023-02-04T19:08:56.77240479Z,2023-03-06T19:08:56.77240479Z,2023-03-03T18:13:15Z,-100,signalStrength,2023-03-03,26364929,86.6879000586695,1740,52.5179698833,154.252244599994,13.3417829333,Telekom.de,-79,35.4609922476234
,,135,2023-02-04T19:08:56.77240479Z,2023-03-06T19:08:56.77240479Z,2023-03-03T17:52:30Z,-94,signalStrength,2023-03-03,26367489,87.0958709671979,1740,52.5132446,52.6033781999675,13.3308004333,Telekom.de,-81,34.8432055142104
,,136,2023-02-04T19:08:56.77240479Z,2023-03-06T19:08:56.77240479Z,2023-03-03T17:59:00Z,-32768,signalStrength,2023-03-03,34888448,31.774669524352,-1,52.5087003333,85.1873980000886,13.3339651333,Telekom.de,-80,16.7294016999829
,,137,2023-02-04T19:08:56.77240479Z,2023-03-06T19:08:56.77240479Z,2023-03-03T17:49:00Z,-90,signalStrength,2023-03-03,30829312,20.6526305393381,1740,52.5149748667,99.5352432999997,13.3506978333,Telekom.de,-81,27.5862059833532
,,138,2023-02-04T19:08:56.77240479Z,2023-03-06T19:08:56.77240479Z,2023-03-03T17:35:15Z,-98,signalStrength,2023-03-03,26367489,84.9985256368407,1740,52.5131681167,160.558914049967,13.3314792333,Telekom.de,-81,30.3951371245646
,,139,2023-02-04T19:08:56.77240479Z,2023-03-06T19:08:56.77240479Z,2023-03-03T17:56:00Z,-101,signalStrength,2023-03-03,29127681,30.6742279896245,1740,52.5107240667,208.800843600037,13.3236497333,Telekom.de,-71,21.586617159962
,,140,2023-02-04T19:08:56.77240479Z,2023-03-06T19:08:56.77240479Z,2023-03-03T18:12:45Z,-96,signalStrength,2023-03-03,26355712,80.4922744913696,1740,52.5190638167,48.2942911000453,13.3392073667,Telekom.de,-93,32.2061164917633
,,141,2023-02-04T19:08:56.77240479Z,2023-03-06T19:08:56.77240479Z,2023-03-03T17:38:45Z,-96,signalStrength,2023-03-03,33802242,70.2667020986394,1740,52.5137140667,101.345230899996,13.3397697167,Telekom.de,-82,27.7200262216479
,,142,2023-02-04T19:08:56.77240479Z,2023-03-06T19:08:56.77240479Z,2023-03-03T17:50:00Z,-112,signalStrength,2023-03-03,30829824,54.3847876438423,1740,52.5142311,229.931729599977,13.3453558667,Telekom.de,-82,18.3570453498612
,,143,2023-02-04T19:08:56.77240479Z,2023-03-06T19:08:56.77240479Z,2023-03-03T17:51:15Z,-93,signalStrength,2023-03-03,33802242,57.0743671684293,1740,52.51367755,54.7974093000375,13.33748705,Telekom.de,-83,47.4495884747607
,,144,2023-02-04T19:08:56.77240479Z,2023-03-06T19:08:56.77240479Z,2023-03-03T17:39:30Z,-105,signalStrength,2023-03-03,30829824,40.7487268045037,1740,52.5143858667,70.2778969999727,13.348638,Telekom.de,-75,14.3317812937398
,,145,2023-02-04T19:08:56.77240479Z,2023-03-06T19:08:56.77240479Z,2023-03-03T18:08:45Z,-107,signalStrength,2023-03-03,26362882,86.9706588197382,1740,52.5211515,101.663397950098,13.3344183667,Telekom.de,-103,24.0096054412162
,,146,2023-02-04T19:08:56.77240479Z,2023-03-06T19:08:56.77240479Z,2023-03-03T17:45:00Z,-104,signalStrength,2023-03-03,26719234,95.5317571300389,1740,52.5149763333,253.664038749977,13.3489078167,Telekom.de,-91,24.0529148685136
,,147,2023-02-04T19:08:56.77240479Z,2023-03-06T19:08:56.77240479Z,2023-03-03T17:50:45Z,-102,signalStrength,2023-03-03,33802241,62.3377691699877,1740,52.5137386667,59.1429346500014,13.338596,Telekom.de,-83,25.4777080936347
,,148,2023-02-04T19:08:56.77240479Z,2023-03-06T19:08:56.77240479Z,2023-03-03T17:47:00Z,-100,signalStrength,2023-03-03,34006528,100.202084809121,1740,52.5156779,107.753560650006,13.3675858833,Telekom.de,-74,22.0264318999981
,,149,2023-02-04T19:08:56.77240479Z,2023-03-06T19:08:56.77240479Z,2023-03-03T17:32:15Z,-92,signalStrength,2023-03-03,29127680,80.5465576883838,1740,52.5123764833,52.148371899981,13.3199032167,Telekom.de,-81,36.3636395041325
,,150,2023-02-04T19:08:56.77240479Z,2023-03-06T19:08:56.77240479Z,2023-03-03T18:00:30Z,-103,signalStrength,2023-03-03,26367489,59.8586816139171,1740,52.5131182333,187.970964549922,13.3314432833,Telekom.de,-80,23.9377617619683
,,151,2023-02-04T19:08:56.77240479Z,2023-03-06T19:08:56.77240479Z,2023-03-03T17:37:45Z,-104,signalStrength,2023-03-03,33802242,20.1983381367877,1740,52.5133803333,124.980455250008,13.33455465,Telekom.de,-71,24.9532138780648
,,152,2023-02-04T19:08:56.77240479Z,2023-03-06T19:08:56.77240479Z,2023-03-03T18:07:15Z,-104,signalStrength,2023-03-03,33802240,80.852982797858,1740,52.5174720833,106.376905549918,13.3387579333,Telekom.de,-81,25.0626535794377
,,153,2023-02-04T19:08:56.77240479Z,2023-03-06T19:08:56.77240479Z,2023-03-03T17:55:45Z,-108,signalStrength,2023-03-03,26357762,36.2400924717486,1740,52.5102793333,107.922671199909,13.3245103333,Telekom.de,-78,23.028209702539
,,154,2023-02-04T19:08:56.77240479Z,2023-03-06T19:08:56.77240479Z,2023-03-03T17:30:45Z,-98,signalStrength,2023-03-03,29127680,101.789096823731,1740,52.5123804833,102.966131050011,13.3199077333,Telekom.de,-81,29.6956172064846
,,155,2023-02-04T19:08:56.77240479Z,2023-03-06T19:08:56.77240479Z,2023-03-03T17:39:45Z,-105,signalStrength,2023-03-03,30829312,75.3421223146149,1740,52.5139425833,110.307809850007,13.35028015,Telekom.de,-74,32.4149116995763
,,156,2023-02-04T19:08:56.77240479Z,2023-03-06T19:08:56.77240479Z,2023-03-03T17:59:45Z,-106,signalStrength,2023-03-03,26357760,50.6800015819272,1740,52.5118076,142.891058099966,13.3309920833,Telekom.de,-81,23.0680543549266
,,157,2023-02-04T19:08:56.77240479Z,2023-03-06T19:08:56.77240479Z,2023-03-03T18:26:30Z,-104,signalStrength,2023-03-03,33802241,77.019378695744,1740,52.5138584167,108.167536399871,13.3417915,Telekom.de,-80,29.5202947890143
,,158,2023-02-04T19:08:56.77240479Z,2023-03-06T19:08:56.77240479Z,2023-03-03T18:26:15Z,-90,signalStrength,2023-03-03,33802242,86.1042163460165,1740,52.5136683333,153.7594937499,13.3389607833,Telekom.de,-83,32.5998307040262
,,159,2023-02-04T19:08:56.77240479Z,2023-03-06T19:08:56.77240479Z,2023-03-03T17:43:00Z,-96,signalStrength,2023-03-03,26364929,74.4674934265121,1740,52.5183384167,208.748021149984,13.3410485833,Telekom.de,-92,34.3347650684301
,,160,2023-02-04T19:08:56.77240479Z,2023-03-06T19:08:56.77240479Z,2023-03-03T17:33:45Z,-94,signalStrength,2023-03-03,29127680,76.2067423381773,1740,52.5124029667,52.3926705000306,13.3201649333,Telekom.de,-92,29.1120850310088
,,161,2023-02-04T19:08:56.77240479Z,2023-03-06T19:08:56.77240479Z,2023-03-03T18:23:45Z,-99,signalStrength,2023-03-03,29127681,23.0829576678613,1740,52.5118230667,204.627517399969,13.32256865,Telekom.de,-82,22.1483972337812
,,162,2023-02-04T19:08:56.77240479Z,2023-03-06T19:08:56.77240479Z,2023-03-03T18:11:45Z,-109,signalStrength,2023-03-03,26362882,41.0741228560233,1740,52.5213739833,172.286092349992,13.3335159333,Telekom.de,-73,33.1674933788769
,,163,2023-02-04T19:08:56.77240479Z,2023-03-06T19:08:56.77240479Z,2023-03-03T18:06:30Z,-96,signalStrength,2023-03-03,33802242,31.167623314134,1740,52.5136710667,55.4844069999453,13.3362827167,Telekom.de,-76,36.1336987830588
,,164,2023-02-04T19:08:56.77240479Z,2023-03-06T19:08:56.77240479Z,2023-03-03T17:58:15Z,-32768,signalStrength,2023-03-03,34888449,25.5165237662398,-1,52.5062483333,182.367685299924,13.33256295,Telekom.de,-69,17.241379808264
,,165,2023-02-04T19:08:56.77240479Z,2023-03-06T19:08:56.77240479Z,2023-03-03T17:37:30Z,-107,signalStrength,2023-03-03,33802242,45.323700515038,1740,52.5133600833,82.2427613000144,13.3343323667,Telekom.de,-71,38.131544300671
,,166,2023-02-04T19:08:56.77240479Z,2023-03-06T19:08:56.77240479Z,2023-03-03T18:15:15Z,-92,signalStrength,2023-03-03,33802242,23.1861022141598,1740,52.5137701333,47.9111618999915,13.3360729,Telekom.de,-80,41.8848200871689
,,167,2023-02-04T19:08:56.77240479Z,2023-03-06T19:08:56.77240479Z,2023-03-03T17:31:15Z,-92,signalStrength,2023-03-03,29127680,94.8577513397838,1740,52.5123832,101.74217985001,13.3199057833,Telekom.de,-81,29.6735841646942
,,168,2023-02-04T19:08:56.77240479Z,2023-03-06T19:08:56.77240479Z,2023-03-03T17:58:00Z,-32768,signalStrength,2023-03-03,34888448,36.0591968581736,-1,52.5065107833,561.338624800023,13.3315409167,Telekom.de,-74,14.2602492137481
,,169,2023-02-04T19:08:56.77240479Z,2023-03-06T19:08:56.77240479Z,2023-03-03T18:06:45Z,-86,signalStrength,2023-03-03,33802242,51.8590671095154,1740,52.5149299333,161.162488099908,13.33654735,Telekom.de,-83,60.6060746556506
,,170,2023-02-04T19:08:56.77240479Z,2023-03-06T19:08:56.77240479Z,2023-03-03T17:29:45Z,-98,signalStrength,2023-03-03,29127680,63.9566148001054,1740,52.5123872833,52.925031549987,13.31989245,Telekom.de,-81,28.228650986185
,,171,2023-02-04T19:08:56.77240479Z,2023-03-06T19:08:56.77240479Z,2023-03-03T18:13:30Z,-107,signalStrength,2023-03-03,26364929,79.9740743245218,1740,52.5179814667,54.3959231999737,13.34179295,Telekom.de,-79,35.7142817602045
,,172,2023-02-04T19:08:56.77240479Z,2023-03-06T19:08:56.77240479Z,2023-03-03T17:48:00Z,-100,signalStrength,2023-03-03,34006273,81.454286625403,1740,52.5148266333,157.272805550008,13.3542824833,Telekom.de,-70,29.3901581205422
,,173,2023-02-04T19:08:56.77240479Z,2023-03-06T19:08:56.77240479Z,2023-03-03T17:59:15Z,-32768,signalStrength,2023-03-03,26357761,30.8506690601998,1740,52.5095178333,194.52919480001,13.3313442833,Telekom.de,-81,20.6079342138686
,,174,2023-02-04T19:08:56.77240479Z,2023-03-06T19:08:56.77240479Z,2023-03-03T17:56:45Z,-112,signalStrength,2023-03-03,26357762,81.4036383779711,1740,52.5084348,185.980940800045,13.3274427667,Telekom.de,-86,12.5707105532732
,,175,2023-02-04T19:08:56.77240479Z,2023-03-06T19:08:56.77240479Z,2023-03-03T17:46:00Z,-101,signalStrength,2023-03-03,30828801,65.1553283399635,1740,52.5151083833,52.6445104499964,13.3602113333,Telekom.de,-73,22.4971863837606
,,176,2023-02-04T19:08:56.77240479Z,2023-03-06T19:08:56.77240479Z,2023-03-03T17:36:45Z,-114,signalStrength,2023-03-03,33802242,47.256473563312,1740,52.5133166,140.804201500024,13.3336858167,Telekom.de,-76,34.0715495299926
,,177,2023-02-04T19:08:56.77240479Z,2023-03-06T19:08:56.77240479Z,2023-03-03T17:38:15Z,-91,signalStrength,2023-03-03,33802242,88.2105452870494,1740,52.5134416167,157.667443350043,13.3354544333,Telekom.de,-78,23.9377617619683
,,178,2023-02-04T19:08:56.77240479Z,2023-03-06T19:08:56.77240479Z,2023-03-03T18:19:45Z,-92,signalStrength,2023-03-03,29127680,60.0746397060454,1740,52.5122412167,70.9865899999754,13.3210290167,Telekom.de,-87,29.9177286471181
,,179,2023-02-04T19:08:56.77240479Z,2023-03-06T19:08:56.77240479Z,2023-03-03T17:57:30Z,-100,signalStrength,2023-03-03,26368512,64.3133867856649,1740,52.5079038833,47.5582111500282,13.3286716667,Telekom.de,-80,26.8276293126525
,,180,2023-02-04T19:08:56.77240479Z,2023-03-06T19:08:56.77240479Z,2023-03-03T18:21:30Z,-103,signalStrength,2023-03-03,26357761,81.4179948500919,1740,52.5100034,75.490506700069,13.3296625333,Telekom.de,-80,27.2294058882437
,,181,2023-02-04T19:08:56.77240479Z,2023-03-06T19:08:56.77240479Z,2023-03-03T18:14:30Z,-92,signalStrength,2023-03-03,33802242,41.9748760261076,1740,52.51395535,107.563497699992,13.3379589833,Telekom.de,-84,27.5862014554113
,,182,2023-02-04T19:08:56.77240479Z,2023-03-06T19:08:56.77240479Z,2023-03-03T17:33:30Z,-94,signalStrength,2023-03-03,29127680,32.7061398453023,1740,52.5123815167,210.658423699972,13.3201756333,Telekom.de,-86,25.8064524120708
,,183,2023-02-04T19:08:56.77240479Z,2023-03-06T19:08:56.77240479Z,2023-03-03T18:21:00Z,-97,signalStrength,2023-03-03,26357760,96.7705434259647,1740,52.5121860667,219.884676950022,13.3311533,Telekom.de,-88,40.6091413847308
,,184,2023-02-04T19:08:56.77240479Z,2023-03-06T19:08:56.77240479Z,2023-03-03T18:16:30Z,-81,signalStrength,2023-03-03,26367488,61.6581578562782,1740,52.51578355,153.829680700051,13.3266450667,Telekom.de,-78,29.585798860334
,,185,2023-02-04T19:08:56.77240479Z,2023-03-06T19:08:56.77240479Z,2023-03-03T17:50:15Z,-119,signalStrength,2023-03-03,33802241,67.7627219173647,1740,52.5139886333,184.053515650004,13.3421596167,Telekom.de,-81,22.2965421838435
,,186,2023-02-04T19:08:56.77240479Z,2023-03-06T19:08:56.77240479Z,2023-03-03T18:13:30Z,-97,signalStrength,2023-03-03,26364929,77.5964604995697,1740,52.517402,170.617236550021,13.341369,Telekom.de,-72,29.0065275412131
,,187,2023-02-04T19:08:56.77240479Z,2023-03-06T19:08:56.77240479Z,2023-03-03T18:08:15Z,-92,signalStrength,2023-03-03,26364929,92.0335442021299,1740,52.51934685,316.629485049942,13.3387637167,Telekom.de,-96,31.3479618173957
,,188,2023-02-04T19:08:56.77240479Z,2023-03-06T19:08:56.77240479Z,2023-03-03T17:34:45Z,-107,signalStrength,2023-03-03,29127681,72.4683495072415,1740,52.51296955,157.424777000012,13.3278876167,Telekom.de,-81,37.6293606284799
,,189,2023-02-04T19:08:56.77240479Z,2023-03-06T19:08:56.77240479Z,2023-03-03T17:42:15Z,-75,signalStrength,2023-03-03,26355712,83.0353898990874,1740,52.5195540667,224.299697149983,13.3381662,Telekom.de,-82,44.1501152970879
,,190,2023-02-04T19:08:56.77240479Z,2023-03-06T19:08:56.77240479Z,2023-03-03T17:40:15Z,-93,signalStrength,2023-03-03,30829312,73.8083018603825,1740,52.5151509833,55.2703076999636,13.3502422333,Telekom.de,-86,26.2123193952272
,,191,2023-02-04T19:08:56.77240479Z,2023-03-06T19:08:56.77240479Z,2023-03-03T18:06:15Z,-96,signalStrength,2023-03-03,33802241,69.0807070574103,1740,52.5137809333,105.884582049971,13.3384926333,Telekom.de,-88,30.9358086047245
,,192,2023-02-04T19:08:56.77240479Z,2023-03-06T19:08:56.77240479Z,2023-03-03T18:07:00Z,-92,signalStrength,2023-03-03,33802240,67.3955826926664,1740,52.51616925,61.1590683500511,13.3377029167,Telekom.de,-88,28.8808616507456
,,193,2023-02-04T19:08:56.77240479Z,2023-03-06T19:08:56.77240479Z,2023-03-03T18:19:15Z,-96,signalStrength,2023-03-03,29127682,88.6753474201401,1740,52.5122090833,105.855564300019,13.3159427667,Telekom.de,-82,27.9134665342742
,,194,2023-02-04T19:08:56.77240479Z,2023-03-06T19:08:56.77240479Z,2023-03-03T18:10:00Z,-63,signalStrength,2023-03-03,28564480,60.9020248845398,1740,52.5219915667,46.2561472001187,13.3272347667,Telekom.de,-82,34.8735810107716
,,195,2023-02-04T19:08:56.77240479Z,2023-03-06T19:08:56.77240479Z,2023-03-03T18:17:15Z,-85,signalStrength,2023-03-03,29127680,89.3317522417048,1740,52.5159737833,113.939075199972,13.3235602333,Telekom.de,-83,43.0570551804612
,,196,2023-02-04T19:08:56.77240479Z,2023-03-06T19:08:56.77240479Z,2023-03-03T18:03:30Z,-103,signalStrength,2023-03-03,30829312,60.4155763354281,1740,52.5143095833,62.0768516499782,13.3509685333,Telekom.de,-75,21.4822745024295
,,197,2023-02-04T19:08:56.77240479Z,2023-03-06T19:08:56.77240479Z,2023-03-03T18:17:00Z,-86,signalStrength,2023-03-03,26360322,25.9369120886194,1740,52.5168935167,103.448129050049,13.3243741333,Telekom.de,-83,30.3951371245646
,,198,2023-02-04T19:08:56.77240479Z,2023-03-06T19:08:56.77240479Z,2023-03-03T17:46:30Z,-110,signalStrength,2023-03-03,34006528,44.9932315388319,1740,52.51551145,64.0837068999804,13.36627135,Telekom.de,-60,25.6739394998032
,,199,2023-02-04T19:08:56.77240479Z,2023-03-06T19:08:56.77240479Z,2023-03-03T17:50:30Z,-106,signalStrength,2023-03-03,33802241,64.5150472605949,1740,52.5137246333,191.88859185003,13.3393916667,Telekom.de,-76,25.412962515076
,,200,2023-02-04T19:08:56.77240479Z,2023-03-06T19:08:56.77240479Z,2023-03-03T17:43:15Z,-105,signalStrength,2023-03-03,26364929,100.418123240927,1740,52.5180696,65.2344226500221,13.3416663167,Telekom.de,-65,28.6123081409993
,,201,2023-02-04T19:08:56.77240479Z,2023-03-06T19:08:56.77240479Z,2023-03-03T18:28:45Z,-105,signalStrength,2023-03-03,26719234,59.5617989609214,1740,52.5156374,161.541893049821,13.3476508167,Telekom.de,-91,17.1747548975057
,,202,2023-02-04T19:08:56.77240479Z,2023-03-06T19:08:56.77240479Z,2023-03-03T17:57:15Z,-107,signalStrength,2023-03-03,26357762,69.5792141880405,1740,52.5082424167,115.882063999986,13.32786935,Telekom.de,-86,24.0096019968613
,,203,2023-02-04T19:08:56.77240479Z,2023-03-06T19:08:56.77240479Z,2023-03-03T18:03:45Z,-99,signalStrength,2023-03-03,30829312,81.149159907646,1740,52.5146589333,55.9426984000163,13.3510019667,Telekom.de,-66,31.9744284125078
,,204,2023-02-04T19:08:56.77240479Z,2023-03-06T19:08:56.77240479Z,2023-03-03T18:29:30Z,-99,signalStrength,2023-03-03,26364929,43.8765801425253,1740,52.517874,116.741700199961,13.3423923333,Telekom.de,-83,25.9909026096877
,,205,2023-02-04T19:08:56.77240479Z,2023-03-06T19:08:56.77240479Z,2023-03-03T17:56:15Z,-108,signalStrength,2023-03-03,29127681,93.7115218294446,1740,52.50956475,155.536651149954,13.3253648333,Telekom.de,-81,16.8492008411825
,,206,2023-02-04T19:08:56.77240479Z,2023-03-06T19:08:56.77240479Z,2023-03-03T18:06:00Z,-96,signalStrength,2023-03-03,33802241,69.8571566449192,1740,52.51374105,103.829987000028,13.33950075,Telekom.de,-78,27.7008309098303
,,207,2023-02-04T19:08:56.77240479Z,2023-03-06T19:08:56.77240479Z,2023-03-03T18:17:45Z,-90,signalStrength,2023-03-03,29127680,79.5031811230087,1740,52.5133983167,107.395933899981,13.3223565167,Telekom.de,-87,27.7970834120098
,,208,2023-02-04T19:08:56.77240479Z,2023-03-06T19:08:56.77240479Z,2023-03-03T17:38:30Z,-91,signalStrength,2023-03-03,33802242,90.3376141355161,1740,52.5136037833,50.8318845000116,13.3375089833,Telekom.de,-69,45.6621042096707
,,209,2023-02-04T19:08:56.77240479Z,2023-03-06T19:08:56.77240479Z,2023-03-03T17:51:00Z,-97,signalStrength,2023-03-03,33802241,71.7686507686996,1740,52.5137279,162.695629599985,13.3386019,Telekom.de,-83,25.6739394998032
,,210,2023-02-04T19:08:56.77240479Z,2023-03-06T19:08:56.77240479Z,2023-03-03T18:29:00Z,-110,signalStrength,2023-03-03,26364929,75.2214462963866,1740,52.51660885,104.230692100012,13.3453588333,Telekom.de,-87,16.6875255590835
,,211,2023-02-04T19:08:56.77240479Z,2023-03-06T19:08:56.77240479Z,2023-03-03T17:41:15Z,-97,signalStrength,2023-03-03,26364929,79.2147368672529,1740,52.5178443667,158.402024850035,13.3424373833,Telekom.de,-77,32.7600339405745
,,212,2023-02-04T19:08:56.77240479Z,2023-03-06T19:08:56.77240479Z,2023-03-03T18:04:00Z,-99,signalStrength,2023-03-03,30829312,83.6936057105281,1740,52.5148346833,51.5452662999316,13.35087295,Telekom.de,-75,34.1297017728826
,,213,2023-02-04T19:08:56.77240479Z,2023-03-06T19:08:56.77240479Z,2023-03-03T18:04:15Z,-99,signalStrength,2023-03-03,30829312,97.0751862801067,1740,52.5148392167,157.625964200002,13.3508740167,Telekom.de,-81,28.5714314897962
,,214,2023-02-04T19:08:56.77240479Z,2023-03-06T19:08:56.77240479Z,2023-03-03T18:27:00Z,-111,signalStrength,2023-03-03,30829824,81.9078544255182,1740,52.5142627,130.587652449996,13.3475142167,Telekom.de,-82,15.7853201510756
,,215,2023-02-04T19:08:56.77240479Z,2023-03-06T19:08:56.77240479Z,2023-03-03T18:21:15Z,-103,signalStrength,2023-03-03,26357760,21.0047570392212,1740,52.51116945,61.4647974500099,13.3305133667,Telekom.de,-75,25.4939489739261
,,216,2023-02-04T19:08:56.77240479Z,2023-03-06T19:08:56.77240479Z,2023-03-03T17:34:00Z,-94,signalStrength,2023-03-03,29127681,76.7058843590365,1740,52.5122713,176.28817360003,13.3212115,Telekom.de,-90,36.8324136761529
,,217,2023-02-04T19:08:56.77240479Z,2023-03-06T19:08:56.77240479Z,2023-03-03T17:29:45Z,-98,signalStrength,2023-03-03,29127680,89.0802141851587,1740,52.5123872333,50.2967625499984,13.3198910167,Telekom.de,-81,34.393805950011
,,218,2023-02-04T19:08:56.77240479Z,2023-03-06T19:08:56.77240479Z,2023-03-03T18:29:15Z,-104,signalStrength,2023-03-03,26364929,52.5697406081697,1740,52.5175224833,211.567873199978,13.3431346833,Telekom.de,-87,17.785681956172
,,219,2023-02-04T19:08:56.77240479Z,2023-03-06T19:08:56.77240479Z,2023-03-03T17:54:45Z,-105,signalStrength,2023-03-03,26368512,27.1230729438124,1740,52.5083605667,95.4351583499824,13.3283739833,Telekom.de,-73,17.0502987000056
,,220,2023-02-04T19:08:56.77240479Z,2023-03-06T19:08:56.77240479Z,2023-03-03T17:45:30Z,-101,signalStrength,2023-03-03,30829312,80.76932393354,1740,52.5147068833,210.320666349985,13.3537028333,Telekom.de,-75,27.4160362966552
,,221,2023-02-04T19:08:56.77240479Z,2023-03-06T19:08:56.77240479Z,2023-03-03T17:43:30Z,-103,signalStrength,2023-03-03,26364929,80.7277633700621,1740,52.5180879667,154.136729100035,13.34164385,Telekom.de,-65,35.8102102366861
,,222,2023-02-04T19:08:56.77240479Z,2023-03-06T19:08:56.77240479Z,2023-03-03T18:26:00Z,-90,signalStrength,2023-03-03,33802242,50.1835425430555,1740,52.5135795333,155.490120100038,13.3374548333,Telekom.de,-78,32.6797391761716
,,223,2023-02-04T19:08:56.77240479Z,2023-03-06T19:08:56.77240479Z,2023-03-03T17:43:30Z,-103,signalStrength,2023-03-03,26364929,68.6911295768149,1740,52.5177848,52.8076933500033,13.3423361833,Telekom.de,-76,26.5251965643889
,,224,2023-02-04T19:08:56.77240479Z,2023-03-06T19:08:56.77240479Z,2023-03-03T18:08:00Z,-94,signalStrength,2023-03-03,33802240,92.670096111997,1740,52.5186299333,149.290717300027,13.3397370833,Telekom.de,-86,28.0898871472983
,,225,2023-02-04T19:08:56.77240479Z,2023-03-06T19:08:56.77240479Z,2023-03-03T18:12:30Z,-75,signalStrength,2023-03-03,26355712,73.7962006302569,1740,52.5197025833,102.990024750085,13.3377756333,Telekom.de,-95,22.1116637193616
,,226,2023-02-04T19:08:56.77240479Z,2023-03-06T19:08:56.77240479Z,2023-03-03T18:16:15Z,-86,signalStrength,2023-03-03,26367489,57.8917743295756,1740,52.5145707833,98.4288219000095,13.32804165,Telekom.de,-72,26.7022671082585
,,227,2023-02-04T19:08:56.77240479Z,2023-03-06T19:08:56.77240479Z,2023-03-03T17:53:30Z,-100,signalStrength,2023-03-03,26357760,80.7314640391909,1740,52.5115134333,118.089782099957,13.3307624167,Telekom.de,-75,31.7460319979844
,,228,2023-02-04T19:08:56.77240479Z,2023-03-06T19:08:56.77240479Z,2023-03-03T18:24:30Z,-95,signalStrength,2023-03-03,26357760,14.4321829904612,1740,52.5130288,104.871197399939,13.3293015,Telekom.de,-93,30.8404025659119
,,229,2023-02-04T19:08:56.77240479Z,2023-03-06T19:08:56.77240479Z,2023-03-03T18:12:15Z,-96,signalStrength,2023-03-03,26362882,87.3604929913154,1740,52.5203875,48.6887281500023,13.3360216833,Telekom.de,-99,30.3490118609841
,,230,2023-02-04T19:08:56.77240479Z,2023-03-06T19:08:56.77240479Z,2023-03-03T17:42:30Z,-91,signalStrength,2023-03-03,26364929,43.6795692266797,1740,52.5191599167,257.195759000006,13.3391579,Telekom.de,-90,32.9760971992757
,,231,2023-02-04T19:08:56.77240479Z,2023-03-06T19:08:56.77240479Z,2023-03-03T18:15:00Z,-92,signalStrength,2023-03-03,33802242,71.5457349797383,1740,52.5136272833,52.1980468498898,13.3364682667,Telekom.de,-73,39.9600428342888
,,232,2023-02-04T19:08:56.77240479Z,2023-03-06T19:08:56.77240479Z,2023-03-03T18:14:15Z,-83,signalStrength,2023-03-03,26355713,85.5891901434375,1740,52.51464115,110.818207200007,13.3379298333,Telekom.de,-85,30.8404025659119
,,233,2023-02-04T19:08:56.77240479Z,2023-03-06T19:08:56.77240479Z,2023-03-03T17:54:15Z,-110,signalStrength,2023-03-03,26368512,83.9936912086531,1740,52.5083642333,371.985426200078,13.3283730833,Telekom.de,-73,27.4160362966552
,,234,2023-02-04T19:08:56.77240479Z,2023-03-06T19:08:56.77240479Z,2023-03-03T17:48:15Z,-103,signalStrength,2023-03-03,30829312,53.3339314555978,1740,52.5147315833,105.215322000007,13.3528421,Telekom.de,-79,32.3362977814869
,,235,2023-02-04T19:08:56.77240479Z,2023-03-06T19:08:56.77240479Z,2023-03-03T18:07:45Z,-100,signalStrength,2023-03-03,33802240,83.1490977986025,1740,52.518638,100.764107800023,13.3397424833,Telekom.de,-86,34.0715564661951
,,236,2023-02-04T19:08:56.77240479Z,2023-03-06T19:08:56.77240479Z,2023-03-03T17:47:45Z,-106,signalStrength,2023-03-03,30828801,67.4322756414502,1740,52.5151461333,99.695123349984,13.3594823,Telekom.de,-57,17.8412123828524
,,237,2023-02-04T19:08:56.77240479Z,2023-03-06T19:08:56.77240479Z,2023-03-03T17:57:00Z,-107,signalStrength,2023-03-03,26357762,58.831606385705,1740,52.5082323833,116.820401149971,13.3278688833,Telekom.de,-86,29.1757830138841
,,238,2023-02-04T19:08:56.77240479Z,2023-03-06T19:08:56.77240479Z,2023-03-03T18:13:45Z,-95,signalStrength,2023-03-03,33802240,41.8129977419865,1740,52.5165747833,58.5688162500739,13.3402421333,Telekom.de,-83,39.5647905482817
,,239,2023-02-04T19:08:56.77240479Z,2023-03-06T19:08:56.77240479Z,2023-03-03T18:02:30Z,-106,signalStrength,2023-03-03,30829824,47.6081836582315,1740,52.5143396,102.284883949984,13.3481448333,Telekom.de,-76,24.5098043871348
,,240,2023-02-04T19:08:56.77240479Z,2023-03-06T19:08:56.77240479Z,2023-03-03T18:29:45Z,-95,signalStrength,2023-03-03,33802240,48.5273622187164,1740,52.51922175,255.486213799989,13.339245,Telekom.de,-89,25.3004451421672
,,241,2023-02-04T19:08:56.77240479Z,2023-03-06T19:08:56.77240479Z,2023-03-03T18:18:30Z,-95,signalStrength,2023-03-03,29127681,56.5837516379057,1740,52.5127241667,218.924199850037,13.3207456167,Telekom.de,-81,34.6320355015836
,,242,2023-02-04T19:08:56.77240479Z,2023-03-06T19:08:56.77240479Z,2023-03-03T17:41:00Z,-109,signalStrength,2023-03-03,26364929,74.5305692561349,1740,52.5173045167,180.149178650009,13.3436768833,Telekom.de,-82,26.1608887174107
,,243,2023-02-04T19:08:56.77240479Z,2023-03-06T19:08:56.77240479Z,2023-03-03T17:49:45Z,-107,signalStrength,2023-03-03,30829824,75.1277605322105,1740,52.5145219333,177.421239950002,13.3487167833,Telekom.de,-91,15.7480302560606
,,244,2023-02-04T19:08:56.77240479Z,2023-03-06T19:08:56.77240479Z,2023-03-03T18:09:45Z,-82,signalStrength,2023-03-03,26349825,116.485753758866,1740,52.5220632167,99.6574440999798,13.32757275,Telekom.de,-87,38.1679440664887
,,245,2023-02-04T19:08:56.77240479Z,2023-03-06T19:08:56.77240479Z,2023-03-03T18:03:15Z,-104,signalStrength,2023-03-03,30829824,83.9310257516392,1740,52.5142827167,50.2808091999521,13.34902225,Telekom.de,-81,22.0143074715683
,,246,2023-02-04T19:08:56.77240479Z,2023-03-06T19:08:56.77240479Z,2023-03-03T18:25:30Z,-84,signalStrength,2023-03-03,33802242,87.2934608345776,1740,52.5135030167,209.486823650154,13.3363460333,Telekom.de,-79,29.7176829922571
,,247,2023-02-04T19:08:56.77240479Z,2023-03-06T19:08:56.77240479Z,2023-03-03T18:25:45Z,-96,signalStrength,2023-03-03,33802242,77.4575127582179,1740,52.5135752667,55.6406026999764,13.33745245,Telekom.de,-72,46.620044446618
,,248,2023-02-04T19:08:56.77240479Z,2023-03-06T19:08:56.77240479Z,2023-03-03T17:29:00Z,-93,signalStrength,2023-03-03,29127680,88.823132531724,1740,52.5124049,118.501298850008,13.3198772167,Telekom.de,-81,54.2005481745881
,,249,2023-02-04T19:08:56.77240479Z,2023-03-06T19:08:56.77240479Z,2023-03-03T18:25:00Z,-96,signalStrength,2023-03-03,26367489,58.1057557613401,1740,52.5131538167,105.711709450034,13.3312037833,Telekom.de,-91,20.7361312170439
,,250,2023-02-04T19:08:56.77240479Z,2023-03-06T19:08:56.77240479Z,2023-03-03T18:09:15Z,-96,signalStrength,2023-03-03,26362882,30.3467999754288,1740,52.5225939833,55.0088402000112,13.3307676833,Telekom.de,-92,22.9095067764119
,,251,2023-02-04T19:08:56.77240479Z,2023-03-06T19:08:56.77240479Z,2023-03-03T18:08:30Z,-96,signalStrength,2023-03-03,26355712,83.2911758517453,1740,52.52036315,148.715014949983,13.3363491333,Telekom.de,-95,30.9597510040354
,,252,2023-02-04T19:08:56.77240479Z,2023-03-06T19:08:56.77240479Z,2023-03-03T18:28:30Z,-95,signalStrength,2023-03-03,30829312,75.3465335889979,1740,52.51522035,52.4389958499082,13.34976665,Telekom.de,-91,28.7150009920387
,,253,2023-02-04T19:08:56.77240479Z,2023-03-06T19:08:56.77240479Z,2023-03-03T18:32:15Z,-70,signalStrength,2023-03-03,27011073,73.0493234199571,1740,52.5253794167,101.488274600192,13.3380669667,Telekom.de,-79,42.780751271126
,,254,2023-02-04T19:08:56.77240479Z,2023-03-06T19:08:56.77240479Z,2023-03-03T18:18:00Z,-90,signalStrength,2023-03-03,29127680,54.5951764323556,1740,52.5134231167,50.9262954000048,13.3223448667,Telekom.de,-87,43.1034495299495
,,255,2023-02-04T19:08:56.77240479Z,2023-03-06T19:08:56.77240479Z,2023-03-03T17:46:15Z,-105,signalStrength,2023-03-03,34006529,69.1235335198145,1740,52.5153138667,114.424831400024,13.3632402833,Telekom.de,-85,28.4900324469774
,,256,2023-02-04T19:08:56.77240479Z,2023-03-06T19:08:56.77240479Z,2023-03-03T17:43:45Z,-103,signalStrength,2023-03-03,26364929,84.7599810191211,1740,52.516943,64.8508099000111,13.34429535,Telekom.de,-81,28.1491906315294
,,257,2023-02-04T19:08:56.77240479Z,2023-03-06T19:08:56.77240479Z,2023-03-03T18:20:45Z,-92,signalStrength,2023-03-03,26367489,73.5171306199221,1740,52.5130467833,214.096365099972,13.33013505,Telekom.de,-93,28.7562946971939
,,258,2023-02-04T19:08:56.77240479Z,2023-03-06T19:08:56.77240479Z,2023-03-03T18:10:45Z,-89,signalStrength,2023-03-03,26349825,25.4004296774748,1740,52.52256425,124.936034200023,13.3292464667,Telekom.de,-88,37.2093006641428
,,259,2023-02-04T19:08:56.77240479Z,2023-03-06T19:08:56.77240479Z,2023-03-03T17:44:30Z,-103,signalStrength,2023-03-03,26719234,45.088294366609,1740,52.5151994,202.785137050012,13.3484055,Telekom.de,-91,28.2885424598229
,,260,2023-02-04T19:08:56.77240479Z,2023-03-06T19:08:56.77240479Z,2023-03-03T17:39:15Z,-109,signalStrength,2023-03-03,33802241,52.4208841017527,1740,52.5140484,62.2606812000007,13.34380145,Telekom.de,-77,31.3479618173957
,,261,2023-02-04T19:08:56.77240479Z,2023-03-06T19:08:56.77240479Z,2023-03-03T18:16:45Z,-81,signalStrength,2023-03-03,26367488,100.165718170813,1740,52.5165614833,100.06566059997,13.3254613833,Telekom.de,-73,31.3725466820455
,,262,2023-02-04T19:08:56.77240479Z,2023-03-06T19:08:56.77240479Z,2023-03-03T17:49:15Z,-107,signalStrength,2023-03-03,30829312,112.945918498379,1740,52.5151035333,176.47598854998,13.3502545833,Telekom.de,-81,23.8379026481665
,,263,2023-02-04T19:08:56.77240479Z,2023-03-06T19:08:56.77240479Z,2023-03-03T18:07:30Z,-100,signalStrength,2023-03-03,33802240,92.7540950782128,1740,52.51851975,62.2036863499433,13.3396431333,Telekom.de,-91,28.368792595946
,,264,2023-02-04T19:08:56.77240479Z,2023-03-06T19:08:56.77240479Z,2023-03-03T18:05:45Z,-108,signalStrength,2023-03-03,33802241,63.6993486547382,1740,52.5138605333,117.982329400007,13.3412732333,Telekom.de,-78,37.9146981244816
,,265,2023-02-04T19:08:56.77240479Z,2023-03-06T19:08:56.77240479Z,2023-03-03T18:32:30Z,-80,signalStrength,2023-03-03,27011073,86.4588476958752,1740,52.5256079833,287.329196000133,13.3389923667,Telekom.de,-84,63.8977953230261
,,266,2023-02-04T19:08:56.77240479Z,2023-03-06T19:08:56.77240479Z,2023-03-03T18:27:45Z,-95,signalStrength,2023-03-03,30829312,84.5004635947896,1740,52.5139267833,60.209842050007,13.3505078333,Telekom.de,-79,26.8276335949973
,,267,2023-02-04T19:08:56.77240479Z,2023-03-06T19:08:56.77240479Z,2023-03-03T18:30:00Z,-101,signalStrength,2023-03-03,26355712,87.6051644699153,1740,52.5203411167,149.110031149989,13.3365902667,Telekom.de,-104,30.3490118609841
,,268,2023-02-04T19:08:56.77240479Z,2023-03-06T19:08:56.77240479Z,2023-03-03T18:32:00Z,-67,signalStrength,2023-03-03,27011073,84.8188193893658,1740,52.52474765,155.633282800018,13.33540525,Telekom.de,-85,29.0909090909091
